-- ============================================================
-- Wedding Guest App — Seed Data
-- Run this AFTER schema.sql in Database → SQL Editor
-- ============================================================


-- ─── Weddings ─────────────────────────────────────────────────────────────────
-- Seed the "Neha & Naveen" demo wedding. The fixed UUID matches the default
-- `wedding_id` on every data table; once all app queries pass wedding_id
-- explicitly (PR 3) those defaults come off.

insert into public.weddings (
  id, invite_code, couple_names, wedding_date, location, destination_city,
  hashtag, website, contact_email, registry_url, theme_color, planner_name
) values (
  '00000000-0000-0000-0000-000000000001',
  'NEHANAVEEN2026',
  'Neha & Naveen',
  '2026-05-23T15:00:00Z',
  'Montreux, Switzerland',
  'Montreux',
  '#NehaNaveen2026',
  'https://www.neha-naveen.com',
  'nehanaveen2026@gmail.com',
  'https://blissandbone.sendbirdie.com/r/neha-naveen',
  '#8B5E6B',
  'Astrid'
);


-- ─── Guests ───────────────────────────────────────────────────────────────────
-- Per-wedding guest list. Login validates the typed name against this table
-- (or against wedding_admins, for planners and other non-guest admins).
-- The 4th column flags the bridal party (bridesmaids/bridesman) — a subset
-- of the wedding party that gets extra packing items.

insert into public.guests (wedding_id, canonical_name, is_wedding_party, is_bridal_party, gender) values
  ('00000000-0000-0000-0000-000000000001', 'Neha Pathmanaban', true, false, 'female'),
  ('00000000-0000-0000-0000-000000000001', 'Naveen Nath', true, false, 'male'),
  ('00000000-0000-0000-0000-000000000001', 'Pathmanaban Raj', true, false, 'male'),
  ('00000000-0000-0000-0000-000000000001', 'Kalpana Pathmanaban', true, false, 'female'),
  ('00000000-0000-0000-0000-000000000001', 'Vishnu Pathmanaban', true, false, 'male'),
  ('00000000-0000-0000-0000-000000000001', 'Amar Nath', true, false, 'male'),
  ('00000000-0000-0000-0000-000000000001', 'Sandhya Nath', true, false, 'female'),
  ('00000000-0000-0000-0000-000000000001', 'Neel Nath', true, false, 'male'),
  ('00000000-0000-0000-0000-000000000001', 'Aya Nath', true, false, 'female'),
  ('00000000-0000-0000-0000-000000000001', 'Olivia Zhu', true, true, 'female'),
  ('00000000-0000-0000-0000-000000000001', 'Akanksha Singh', true, true, 'female'),
  ('00000000-0000-0000-0000-000000000001', 'Suhail Goyal', true, false, 'male'),
  ('00000000-0000-0000-0000-000000000001', 'Sayantanee Das', true, true, 'female'),
  ('00000000-0000-0000-0000-000000000001', 'Guhan Muruganandam', true, false, 'male'),
  ('00000000-0000-0000-0000-000000000001', 'Ritika Patil', true, true, 'female'),
  ('00000000-0000-0000-0000-000000000001', 'Kevin Labagnara', true, false, 'male'),
  ('00000000-0000-0000-0000-000000000001', 'Gaurie Mittal', true, true, 'female'),
  ('00000000-0000-0000-0000-000000000001', 'Sai Avala', true, false, 'male'),
  ('00000000-0000-0000-0000-000000000001', 'Nikila Vasudevan', true, true, 'female'),
  ('00000000-0000-0000-0000-000000000001', 'Goutham Subramanian', true, false, 'male'),
  ('00000000-0000-0000-0000-000000000001', 'Liz Paulino', true, true, 'female'),
  ('00000000-0000-0000-0000-000000000001', 'Andrew Ball', true, true, 'male'),
  ('00000000-0000-0000-0000-000000000001', 'Connor Franklin', true, false, 'male'),
  ('00000000-0000-0000-0000-000000000001', 'Alec Mirchandani', true, false, 'male'),
  ('00000000-0000-0000-0000-000000000001', 'Eleni Karandreas', true, false, 'female'),
  ('00000000-0000-0000-0000-000000000001', 'Alex Shih', true, false, 'male'),
  ('00000000-0000-0000-0000-000000000001', 'Nancy Kwan', true, false, 'female'),
  ('00000000-0000-0000-0000-000000000001', 'Jedidiah Glass', false, false, 'male'),
  ('00000000-0000-0000-0000-000000000001', 'Edel Dhuibheanaigh', false, false, 'female'),
  ('00000000-0000-0000-0000-000000000001', 'Elliott Baker', false, false, 'male'),
  ('00000000-0000-0000-0000-000000000001', 'Mary Dick', false, false, 'female'),
  ('00000000-0000-0000-0000-000000000001', 'Andrew You', false, false, 'male'),
  ('00000000-0000-0000-0000-000000000001', 'Jason Luo', false, false, 'male'),
  ('00000000-0000-0000-0000-000000000001', 'Grace Mutoko', false, false, 'female'),
  ('00000000-0000-0000-0000-000000000001', 'Paul Mas', false, false, 'male'),
  ('00000000-0000-0000-0000-000000000001', 'Sankash Shankar', false, false, 'male'),
  ('00000000-0000-0000-0000-000000000001', 'Bhavya Varma', false, false, 'female'),
  ('00000000-0000-0000-0000-000000000001', 'Leon Mirson', false, false, 'male'),
  ('00000000-0000-0000-0000-000000000001', 'Moeko Nagatsuka', false, false, 'female'),
  ('00000000-0000-0000-0000-000000000001', 'Rushil Sheth', false, false, 'male'),
  ('00000000-0000-0000-0000-000000000001', 'Tithi Raval', false, false, 'female'),
  ('00000000-0000-0000-0000-000000000001', 'Karam Tatla', false, false, 'male'),
  ('00000000-0000-0000-0000-000000000001', 'Jenna Freedman', false, false, 'female'),
  ('00000000-0000-0000-0000-000000000001', 'Ben Biswas', false, false, 'male'),
  ('00000000-0000-0000-0000-000000000001', 'Danielle Skelly', false, false, 'female'),
  ('00000000-0000-0000-0000-000000000001', 'Subbarao Addaganti', false, false, 'male'),
  ('00000000-0000-0000-0000-000000000001', 'Anitha Addaganti', false, false, 'female'),
  ('00000000-0000-0000-0000-000000000001', 'Yash Addaganti', false, false, 'male'),
  ('00000000-0000-0000-0000-000000000001', 'Trisha Addaganti', false, false, 'female'),
  ('00000000-0000-0000-0000-000000000001', 'Prasanna Bekal', false, false, 'male'),
  ('00000000-0000-0000-0000-000000000001', 'Vindhya Bekal', false, false, 'female'),
  ('00000000-0000-0000-0000-000000000001', 'Pallavi Bekal', false, false, 'female'),
  ('00000000-0000-0000-0000-000000000001', 'Tanvi Bekal', false, false, 'female'),
  ('00000000-0000-0000-0000-000000000001', 'Ram Sankaran', false, false, 'male'),
  ('00000000-0000-0000-0000-000000000001', 'Uma Ramanathan', false, false, 'female'),
  ('00000000-0000-0000-0000-000000000001', 'Rahul Ramanathan', false, false, 'male'),
  ('00000000-0000-0000-0000-000000000001', 'Abhay Mhatre', false, false, 'male'),
  ('00000000-0000-0000-0000-000000000001', 'Archana Mhatre', false, false, 'female'),
  ('00000000-0000-0000-0000-000000000001', 'Madhu Somenhalli', false, false, 'male'),
  ('00000000-0000-0000-0000-000000000001', 'Shashi Somenhalli', false, false, 'female'),
  ('00000000-0000-0000-0000-000000000001', 'Nithin Somenhalli', false, false, 'male'),
  ('00000000-0000-0000-0000-000000000001', 'Anand Palani', false, false, 'male'),
  ('00000000-0000-0000-0000-000000000001', 'Sujatha Palani', false, false, 'female'),
  ('00000000-0000-0000-0000-000000000001', 'Arthi Palani', false, false, 'female'),
  ('00000000-0000-0000-0000-000000000001', 'Sainath Palani', false, false, 'male'),
  ('00000000-0000-0000-0000-000000000001', 'Vivek Seth', false, false, 'male'),
  ('00000000-0000-0000-0000-000000000001', 'Ashvani Vivek', false, false, 'female'),
  ('00000000-0000-0000-0000-000000000001', 'Saravanan Kandaswamy', false, false, 'male'),
  ('00000000-0000-0000-0000-000000000001', 'Chrisvin Jabamani', false, false, 'male'),
  ('00000000-0000-0000-0000-000000000001', 'Howard Li', false, false, 'male'),
  ('00000000-0000-0000-0000-000000000001', 'Lingesh Radjou', false, false, 'male'),
  ('00000000-0000-0000-0000-000000000001', 'Rajesh Radjou', false, false, 'male'),
  ('00000000-0000-0000-0000-000000000001', 'Prabakaran Vasan', false, false, 'male'),
  ('00000000-0000-0000-0000-000000000001', 'Kannagi Prabakaran', false, false, 'female'),
  ('00000000-0000-0000-0000-000000000001', 'Neha Dubey', false, false, 'female'),
  ('00000000-0000-0000-0000-000000000001', 'Pooja Dubey', false, false, 'female'),
  ('00000000-0000-0000-0000-000000000001', 'Rakesh Dubey', false, false, 'male'),
  ('00000000-0000-0000-0000-000000000001', 'Neelu Dubey', false, false, 'female'),
  ('00000000-0000-0000-0000-000000000001', 'Vijay Kumar', false, false, 'male'),
  ('00000000-0000-0000-0000-000000000001', 'Sadhana Kumar', false, false, 'female'),
  ('00000000-0000-0000-0000-000000000001', 'Vikas Kumar', false, false, 'male'),
  ('00000000-0000-0000-0000-000000000001', 'Riva Raiker', false, false, 'female'),
  ('00000000-0000-0000-0000-000000000001', 'Vivek Kumar', false, false, 'male'),
  ('00000000-0000-0000-0000-000000000001', 'Jaya Kumar', false, false, 'female'),
  ('00000000-0000-0000-0000-000000000001', 'Sanjay Mishra', false, false, 'male'),
  ('00000000-0000-0000-0000-000000000001', 'Seema Verma', false, false, 'female'),
  ('00000000-0000-0000-0000-000000000001', 'Shaan Mishra', false, false, 'male'),
  ('00000000-0000-0000-0000-000000000001', 'Maya Mishra', false, false, 'female'),
  ('00000000-0000-0000-0000-000000000001', 'Anand Tewari', false, false, 'male'),
  ('00000000-0000-0000-0000-000000000001', 'Sangita Tewari', false, false, 'female'),
  ('00000000-0000-0000-0000-000000000001', 'Jeevan Tewari', false, false, 'male'),
  ('00000000-0000-0000-0000-000000000001', 'Lauren Bordeaux', false, false, 'female'),
  ('00000000-0000-0000-0000-000000000001', 'Ravi Tewari', false, false, 'male'),
  ('00000000-0000-0000-0000-000000000001', 'Tali Tudryn', false, false, 'female'),
  ('00000000-0000-0000-0000-000000000001', 'Sanjiv Upadhyay', false, false, 'male'),
  ('00000000-0000-0000-0000-000000000001', 'Meena Upadhyay', false, false, 'female'),
  ('00000000-0000-0000-0000-000000000001', 'Archana Upadhyay', false, false, 'female'),
  ('00000000-0000-0000-0000-000000000001', 'Kirin Upadhyay', false, false, 'female'),
  ('00000000-0000-0000-0000-000000000001', 'Serena Upadhyay', false, false, 'female'),
  ('00000000-0000-0000-0000-000000000001', 'Matt Uthupan', false, false, 'male'),
  ('00000000-0000-0000-0000-000000000001', 'Tushita Shrivastav', false, false, 'female'),
  ('00000000-0000-0000-0000-000000000001', 'Gugu Chohan', false, false, 'male'),
  ('00000000-0000-0000-0000-000000000001', 'Dennis Porto', false, false, 'male'),
  ('00000000-0000-0000-0000-000000000001', 'Jan Porto', false, false, 'female'),
  ('00000000-0000-0000-0000-000000000001', 'Diane Hedden', false, false, 'female'),
  ('00000000-0000-0000-0000-000000000001', 'Mary Kay Buchsbaum', false, false, 'female'),
  ('00000000-0000-0000-0000-000000000001', 'Bruce Buchsbaum', false, false, 'male'),
  ('00000000-0000-0000-0000-000000000001', 'Bruce Baker', false, false, 'male'),
  ('00000000-0000-0000-0000-000000000001', 'Kelli Baker', false, false, 'female'),
  ('00000000-0000-0000-0000-000000000001', 'Roshan Ram', false, false, 'male'),
  ('00000000-0000-0000-0000-000000000001', 'Bhavika Patel', false, false, 'female'),
  ('00000000-0000-0000-0000-000000000001', 'Jinesh Patel', false, false, 'male'),
  ('00000000-0000-0000-0000-000000000001', 'Radhika Kirpalani', false, false, 'female'),
  ('00000000-0000-0000-0000-000000000001', 'Tarun Kirpalani', false, false, 'male'),
  ('00000000-0000-0000-0000-000000000001', 'Nitya Srikishen', false, false, 'female'),
  ('00000000-0000-0000-0000-000000000001', 'Puneet Lakhi', false, false, 'male'),
  ('00000000-0000-0000-0000-000000000001', 'Marwan Bayoumy', false, false, 'male'),
  ('00000000-0000-0000-0000-000000000001', 'Asokan Selvaraj', false, false, 'male'),
  ('00000000-0000-0000-0000-000000000001', 'Sujatha Asokan', false, false, 'female');



-- ─── Wedding Admins ───────────────────────────────────────────────────────────
-- Users with admin access (send notifications, delete messages). May or may
-- not be in the guest list — e.g. the wedding planner is an admin but not a
-- guest.

-- is_wedding_party + gender are only consulted for admins who aren't in
-- public.guests. Neha and Naveen are both, so their admin-row flags are
-- harmless defaults. Astrid (planner) is tagged wedding-party + female
-- so she sees the rehearsal dinner and the women's packing list. DJ
-- Shraii logs in as "DJ Shraii" with role='dj' — login only, scoped to
-- the Sangeet + Reception on the schedule, no admin powers. Shilpa Patel
-- (makeup artist) is tagged wedding-party so she sees every event the
-- bride attends; role='makeup_artist' keeps her out of the admin UI.
insert into public.wedding_admins (wedding_id, guest_name, is_wedding_party, gender, role) values
  ('00000000-0000-0000-0000-000000000001', 'Neha Pathmanaban', true,  'female', null),
  ('00000000-0000-0000-0000-000000000001', 'Naveen Nath',      true,  'male',   null),
  ('00000000-0000-0000-0000-000000000001', 'Astrid Rolando',   true,  'female', 'planner'),
  ('00000000-0000-0000-0000-000000000001', 'DJ Shraii',        false, 'male',   'dj'),
  ('00000000-0000-0000-0000-000000000001', 'Shilpa Patel',     true,  'female', 'makeup_artist');


-- ─── Guest Info ───────────────────────────────────────────────────────────────
-- Pre-populate dietary, meal choices, and rehearsal dinner attendance.
-- The app only updates hotel/arrival/notes; these fields are preserved.

insert into public.guest_info (guest_name, dietary, meal_1, meal_2, meal_3, rehearsal_dinner) values
  ('Neha Pathmanaban',     '',                                                          'Tuna Tataki',                    'Zucchini Risotto (Vegetarian)',   'Spinach & Ricotta Ravioli (Vegetarian)', true),
  ('Naveen Nath',          '',                                                          'Tuna Tataki',                    'Roasted Prawn & Peach Tartare',   'Roasted Lamb',                           true),
  ('Pathmanaban Raj',      '',                                                          'Burrata & Watermelon (Vegetarian)', 'Roasted Prawn & Peach Tartare', 'Roasted Lamb',                           true),
  ('Kalpana Pathmanaban',  '',                                                          'Burrata & Watermelon (Vegetarian)', 'Roasted Prawn & Peach Tartare', 'Roasted Lamb',                           true),
  ('Vishnu Pathmanaban',   'Allergic to all nuts and sesame',                           'Tuna Tataki',                    'Roasted Prawn & Peach Tartare',   'Roasted Lamb',                           true),
  ('Amar Nath',            '',                                                          'Tuna Tataki',                    'Roasted Prawn & Peach Tartare',   'Roasted Lamb',                           true),
  ('Sandhya Nath',         '',                                                          'Tuna Tataki',                    'Roasted Prawn & Peach Tartare',   'Roasted Lamb',                           true),
  ('Neel Nath',            '',                                                          'Tuna Tataki',                    'Roasted Prawn & Peach Tartare',   'Roasted Lamb',                           true),
  ('Aya Nath',             '',                                                          'Tuna Tataki',                    'Roasted Prawn & Peach Tartare',   'Roasted Lamb',                           true),
  ('Olivia Zhu',           '',                                                          'Tuna Tataki',                    'Roasted Prawn & Peach Tartare',   'Roasted Lamb',                           true),
  ('Akanksha Singh',       '',                                                          'Tuna Tataki',                    'Roasted Prawn & Peach Tartare',   'Spinach & Ricotta Ravioli (Vegetarian)', true),
  ('Suhail Goyal',         '',                                                          'Tuna Tataki',                    'Roasted Prawn & Peach Tartare',   'Spinach & Ricotta Ravioli (Vegetarian)', true),
  ('Sayantanee Das',       '',                                                          'Tuna Tataki',                    'Roasted Prawn & Peach Tartare',   'Roasted Lamb',                           true),
  ('Guhan Muruganandam',   '',                                                          'Burrata & Watermelon (Vegetarian)', 'Zucchini Risotto (Vegetarian)', 'Roasted Lamb',                           true),
  ('Ritika Patil',         '',                                                          'Burrata & Watermelon (Vegetarian)', 'Zucchini Risotto (Vegetarian)', 'Spinach & Ricotta Ravioli (Vegetarian)', true),
  ('Kevin Labagnara',      '',                                                          'Tuna Tataki',                    'Roasted Prawn & Peach Tartare',   'Roasted Lamb',                           false),
  ('Gaurie Mittal',        '',                                                          'Tuna Tataki',                    'Zucchini Risotto (Vegetarian)',   'Roasted Lamb',                           true),
  ('Sai Avala',            '',                                                          'Burrata & Watermelon (Vegetarian)', 'Roasted Prawn & Peach Tartare', 'Spinach & Ricotta Ravioli (Vegetarian)', true),
  ('Nikila Vasudevan',     'Allergic to shellfish',                                     'Burrata & Watermelon (Vegetarian)', 'Zucchini Risotto (Vegetarian)', 'Spinach & Ricotta Ravioli (Vegetarian)', true),
  ('Goutham Subramanian',  '',                                                          'Tuna Tataki',                    'Zucchini Risotto (Vegetarian)',   'Roasted Lamb',                           true),
  ('Liz Paulino',          '',                                                          'Burrata & Watermelon (Vegetarian)', 'Zucchini Risotto (Vegetarian)', 'Spinach & Ricotta Ravioli (Vegetarian)', true),
  ('Andrew Ball',          '',                                                          'Burrata & Watermelon (Vegetarian)', 'Roasted Prawn & Peach Tartare', 'Roasted Lamb',                           true),
  ('Connor Franklin',      '',                                                          'Tuna Tataki',                    'Roasted Prawn & Peach Tartare',   'Spinach & Ricotta Ravioli (Vegetarian)', true),
  ('Alec Mirchandani',     '',                                                          'Tuna Tataki',                    'Roasted Prawn & Peach Tartare',   'Spinach & Ricotta Ravioli (Vegetarian)', true),
  ('Eleni Karandreas',     '',                                                          'Burrata & Watermelon (Vegetarian)', 'Roasted Prawn & Peach Tartare', 'Roasted Lamb',                           true),
  ('Alex Shih',            '',                                                          'Tuna Tataki',                    'Roasted Prawn & Peach Tartare',   'Roasted Lamb',                           true),
  ('Nancy Kwan',           '',                                                          'Tuna Tataki',                    'Roasted Prawn & Peach Tartare',   'Roasted Lamb',                           true),
  ('Jedidiah Glass',       '',                                                          'Burrata & Watermelon (Vegetarian)', 'Zucchini Risotto (Vegetarian)', 'Roasted Lamb',                           false),
  ('Edel Dhuibheanaigh',   '',                                                          'Tuna Tataki',                    'Roasted Prawn & Peach Tartare',   'Roasted Lamb',                           false),
  ('Elliott Baker',        '',                                                          'Tuna Tataki',                    'Roasted Prawn & Peach Tartare',   'Roasted Lamb',                           false),
  ('Mary Dick',            '',                                                          'Tuna Tataki',                    'Roasted Prawn & Peach Tartare',   'Spinach & Ricotta Ravioli (Vegetarian)', false),
  ('Andrew You',           '',                                                          'Tuna Tataki',                    'Zucchini Risotto (Vegetarian)',   'Roasted Lamb',                           false),
  ('Jason Luo',            '',                                                          'Tuna Tataki',                    'Roasted Prawn & Peach Tartare',   'Roasted Lamb',                           false),
  ('Grace Mutoko',         '',                                                          'Burrata & Watermelon (Vegetarian)', 'Roasted Prawn & Peach Tartare', 'Roasted Lamb',                           false),
  ('Paul Mas',             '',                                                          'Burrata & Watermelon (Vegetarian)', 'Zucchini Risotto (Vegetarian)', 'Roasted Lamb',                           false),
  ('Sankash Shankar',      '',                                                          'Burrata & Watermelon (Vegetarian)', 'Zucchini Risotto (Vegetarian)', 'Spinach & Ricotta Ravioli (Vegetarian)', false),
  ('Bhavya Varma',         '',                                                          'Burrata & Watermelon (Vegetarian)', 'Zucchini Risotto (Vegetarian)', 'Spinach & Ricotta Ravioli (Vegetarian)', false),
  ('Leon Mirson',          '',                                                          'Tuna Tataki',                    'Zucchini Risotto (Vegetarian)',   'Roasted Lamb',                           false),
  ('Moeko Nagatsuka',      '',                                                          'Tuna Tataki',                    'Roasted Prawn & Peach Tartare',   'Spinach & Ricotta Ravioli (Vegetarian)', false),
  ('Rushil Sheth',         'Shellfish allergy',                                         'Burrata & Watermelon (Vegetarian)', 'Zucchini Risotto (Vegetarian)', 'Spinach & Ricotta Ravioli (Vegetarian)', false),
  ('Tithi Raval',          '',                                                          'Burrata & Watermelon (Vegetarian)', 'Zucchini Risotto (Vegetarian)', 'Spinach & Ricotta Ravioli (Vegetarian)', false),
  ('Karam Tatla',          'Nut allergy; avocado allergy',                              'Tuna Tataki',                    'Roasted Prawn & Peach Tartare',   'Roasted Lamb',                           false),
  ('Jenna Freedman',       '',                                                          'Tuna Tataki',                    'Zucchini Risotto (Vegetarian)',   'Roasted Lamb',                           false),
  ('Ben Biswas',           'Peanut, almond and hazelnut allergy',                       'Tuna Tataki',                    'Zucchini Risotto (Vegetarian)',   'Roasted Lamb',                           false),
  ('Danielle Skelly',      '',                                                          'Burrata & Watermelon (Vegetarian)', 'Zucchini Risotto (Vegetarian)', 'Spinach & Ricotta Ravioli (Vegetarian)', false),
  ('Subbarao Addaganti',   '',                                                          'Tuna Tataki',                    'Roasted Prawn & Peach Tartare',   'Roasted Lamb',                           false),
  ('Anitha Addaganti',     'Allergy to mushrooms',                                      'Burrata & Watermelon (Vegetarian)', 'Zucchini Risotto (Vegetarian)', 'Spinach & Ricotta Ravioli (Vegetarian)', false),
  ('Yash Addaganti',       '',                                                          'Tuna Tataki',                    'Roasted Prawn & Peach Tartare',   'Spinach & Ricotta Ravioli (Vegetarian)', false),
  ('Trisha Addaganti',     'Allergy to eggs and mushrooms',                             'Burrata & Watermelon (Vegetarian)', 'Zucchini Risotto (Vegetarian)', 'Spinach & Ricotta Ravioli (Vegetarian)', false),
  ('Prasanna Bekal',       '',                                                          'Burrata & Watermelon (Vegetarian)', 'Roasted Prawn & Peach Tartare', 'Roasted Lamb',                           false),
  ('Vindhya Bekal',        '',                                                          'Tuna Tataki',                    'Zucchini Risotto (Vegetarian)',   'Spinach & Ricotta Ravioli (Vegetarian)', false),
  ('Pallavi Bekal',        '',                                                          'Burrata & Watermelon (Vegetarian)', 'Roasted Prawn & Peach Tartare', 'Spinach & Ricotta Ravioli (Vegetarian)', false),
  ('Tanvi Bekal',          '',                                                          'Burrata & Watermelon (Vegetarian)', 'Zucchini Risotto (Vegetarian)', 'Roasted Lamb',                           false),
  ('Ram Sankaran',         '',                                                          'Burrata & Watermelon (Vegetarian)', 'Zucchini Risotto (Vegetarian)', 'Spinach & Ricotta Ravioli (Vegetarian)', false),
  ('Uma Ramanathan',       'Allergic to peanuts',                                       'Burrata & Watermelon (Vegetarian)', 'Zucchini Risotto (Vegetarian)', 'Spinach & Ricotta Ravioli (Vegetarian)', false),
  ('Rahul Ramanathan',     '',                                                          'Burrata & Watermelon (Vegetarian)', 'Zucchini Risotto (Vegetarian)', 'Spinach & Ricotta Ravioli (Vegetarian)', false),
  ('Abhay Mhatre',         '',                                                          'Tuna Tataki',                    'Roasted Prawn & Peach Tartare',   'Roasted Lamb',                           false),
  ('Archana Mhatre',       '',                                                          'Burrata & Watermelon (Vegetarian)', 'Roasted Prawn & Peach Tartare', 'Spinach & Ricotta Ravioli (Vegetarian)', false),
  ('Madhu Somenhalli',     '',                                                          'Burrata & Watermelon (Vegetarian)', 'Zucchini Risotto (Vegetarian)', 'Spinach & Ricotta Ravioli (Vegetarian)', false),
  ('Shashi Somenhalli',    '',                                                          'Burrata & Watermelon (Vegetarian)', 'Zucchini Risotto (Vegetarian)', 'Spinach & Ricotta Ravioli (Vegetarian)', false),
  ('Nithin Somenhalli',    '',                                                          'Burrata & Watermelon (Vegetarian)', 'Zucchini Risotto (Vegetarian)', 'Spinach & Ricotta Ravioli (Vegetarian)', false),
  ('Anand Palani',         '',                                                          'Burrata & Watermelon (Vegetarian)', 'Roasted Prawn & Peach Tartare', 'Roasted Lamb',                           false),
  ('Sujatha Palani',       '',                                                          'Burrata & Watermelon (Vegetarian)', 'Zucchini Risotto (Vegetarian)', 'Spinach & Ricotta Ravioli (Vegetarian)', false),
  ('Arthi Palani',         '',                                                          'Burrata & Watermelon (Vegetarian)', 'Roasted Prawn & Peach Tartare', 'Spinach & Ricotta Ravioli (Vegetarian)', false),
  ('Sainath Palani',       '',                                                          'Tuna Tataki',                    'Roasted Prawn & Peach Tartare',   'Roasted Lamb',                           false),
  ('Vivek Seth',           '',                                                          'Tuna Tataki',                    'Roasted Prawn & Peach Tartare',   'Roasted Lamb',                           false),
  ('Ashvani Vivek',        '',                                                          'Burrata & Watermelon (Vegetarian)', 'Zucchini Risotto (Vegetarian)', 'Spinach & Ricotta Ravioli (Vegetarian)', false),
  ('Saravanan Kandaswamy', '',                                                          'Burrata & Watermelon (Vegetarian)', 'Roasted Prawn & Peach Tartare', 'Roasted Lamb',                           false),
  ('Chrisvin Jabamani',    'Allergic to shellfish',                                     'Tuna Tataki',                    'Zucchini Risotto (Vegetarian)',   'Roasted Lamb',                           false),
  ('Howard Li',            '',                                                          'Tuna Tataki',                    'Roasted Prawn & Peach Tartare',   'Roasted Lamb',                           false),
  ('Lingesh Radjou',       '',                                                          'Burrata & Watermelon (Vegetarian)', 'Roasted Prawn & Peach Tartare', 'Spinach & Ricotta Ravioli (Vegetarian)', false),
  ('Rajesh Radjou',        '',                                                          'Burrata & Watermelon (Vegetarian)', 'Zucchini Risotto (Vegetarian)', 'Roasted Lamb',                           false),
  ('Prabakaran Vasan',     '',                                                          'Tuna Tataki',                    'Roasted Prawn & Peach Tartare',   'Roasted Lamb',                           false),
  ('Kannagi Prabakaran',   '',                                                          'Tuna Tataki',                    'Zucchini Risotto (Vegetarian)',   'Roasted Lamb',                           false),
  ('Neha Dubey',           '',                                                          'Burrata & Watermelon (Vegetarian)', 'Zucchini Risotto (Vegetarian)', 'Spinach & Ricotta Ravioli (Vegetarian)', false),
  ('Pooja Dubey',          'Vegetarian',                                                'Burrata & Watermelon (Vegetarian)', 'Zucchini Risotto (Vegetarian)', 'Spinach & Ricotta Ravioli (Vegetarian)', false),
  ('Rakesh Dubey',         '',                                                          'Burrata & Watermelon (Vegetarian)', 'Zucchini Risotto (Vegetarian)', 'Spinach & Ricotta Ravioli (Vegetarian)', false),
  ('Neelu Dubey',          '',                                                          'Burrata & Watermelon (Vegetarian)', 'Zucchini Risotto (Vegetarian)', 'Spinach & Ricotta Ravioli (Vegetarian)', false),
  ('Vijay Kumar',          '',                                                          'Burrata & Watermelon (Vegetarian)', 'Zucchini Risotto (Vegetarian)', 'Spinach & Ricotta Ravioli (Vegetarian)', false),
  ('Sadhana Kumar',        '',                                                          'Burrata & Watermelon (Vegetarian)', 'Roasted Prawn & Peach Tartare', 'Spinach & Ricotta Ravioli (Vegetarian)', false),
  ('Vikas Kumar',          '',                                                          'Tuna Tataki',                    'Roasted Prawn & Peach Tartare',   'Roasted Lamb',                           false),
  ('Riva Raiker',           '',                                                          'Burrata & Watermelon (Vegetarian)', 'Roasted Prawn & Peach Tartare', 'Spinach & Ricotta Ravioli (Vegetarian)', false),
  ('Vivek Kumar',          '',                                                          'Tuna Tataki',                    'Roasted Prawn & Peach Tartare',   'Roasted Lamb',                           false),
  ('Jaya Kumar',           '',                                                          'Burrata & Watermelon (Vegetarian)', 'Zucchini Risotto (Vegetarian)', 'Spinach & Ricotta Ravioli (Vegetarian)', false),
  ('Sanjay Mishra',        '',                                                          'Tuna Tataki',                    'Roasted Prawn & Peach Tartare',   'Roasted Lamb',                           false),
  ('Seema Verma',          '',                                                          'Tuna Tataki',                    'Roasted Prawn & Peach Tartare',   'Roasted Lamb',                           false),
  ('Shaan Mishra',         '',                                                          'Tuna Tataki',                    'Roasted Prawn & Peach Tartare',   'Roasted Lamb',                           false),
  ('Maya Mishra',          'Vegetarian',                                                'Burrata & Watermelon (Vegetarian)', 'Zucchini Risotto (Vegetarian)', 'Spinach & Ricotta Ravioli (Vegetarian)', false),
  ('Anand Tewari',         '',                                                          'Tuna Tataki',                    'Roasted Prawn & Peach Tartare',   'Roasted Lamb',                           false),
  ('Sangita Tewari',       '',                                                          'Burrata & Watermelon (Vegetarian)', 'Zucchini Risotto (Vegetarian)', 'Roasted Lamb',                           false),
  ('Jeevan Tewari',        '',                                                          'Tuna Tataki',                    'Roasted Prawn & Peach Tartare',   'Roasted Lamb',                           false),
  ('Lauren Bordeaux',      '',                                                          'Burrata & Watermelon (Vegetarian)', 'Zucchini Risotto (Vegetarian)', 'Spinach & Ricotta Ravioli (Vegetarian)', false),
  ('Ravi Tewari',          '',                                                          'Burrata & Watermelon (Vegetarian)', 'Roasted Prawn & Peach Tartare', 'Roasted Lamb',                           false),
  ('Tali Tudryn',          '',                                                          'Tuna Tataki',                    'Zucchini Risotto (Vegetarian)',   'Roasted Lamb',                           false),
  ('Sanjiv Upadhyay',      '',                                                          'Tuna Tataki',                    'Roasted Prawn & Peach Tartare',   'Spinach & Ricotta Ravioli (Vegetarian)', false),
  ('Meena Upadhyay',       '',                                                          'Burrata & Watermelon (Vegetarian)', 'Zucchini Risotto (Vegetarian)', 'Spinach & Ricotta Ravioli (Vegetarian)', false),
  ('Archana Upadhyay',     '',                                                          'Burrata & Watermelon (Vegetarian)', 'Zucchini Risotto (Vegetarian)', 'Spinach & Ricotta Ravioli (Vegetarian)', false),
  ('Kirin Upadhyay',       '',                                                          'Burrata & Watermelon (Vegetarian)', 'Zucchini Risotto (Vegetarian)', 'Spinach & Ricotta Ravioli (Vegetarian)', false),
  ('Serena Upadhyay',      '',                                                          'Burrata & Watermelon (Vegetarian)', 'Roasted Prawn & Peach Tartare', 'Roasted Lamb',                           false),
  ('Matt Uthupan',         '',                                                          'Tuna Tataki',                    'Roasted Prawn & Peach Tartare',   'Roasted Lamb',                           false),
  ('Tushita Shrivastav',   '',                                                          'Tuna Tataki',                    'Roasted Prawn & Peach Tartare',   'Roasted Lamb',                           false),
  ('Gugu Chohan',          '',                                                          'Tuna Tataki',                    'Roasted Prawn & Peach Tartare',   'Roasted Lamb',                           false),
  ('Dennis Porto',         '',                                                          'Tuna Tataki',                    'Zucchini Risotto (Vegetarian)',   'Spinach & Ricotta Ravioli (Vegetarian)', false),
  ('Jan Porto',            '',                                                          'Burrata & Watermelon (Vegetarian)', 'Zucchini Risotto (Vegetarian)', 'Spinach & Ricotta Ravioli (Vegetarian)', false),
  ('Diane Hedden',         '',                                                          'Tuna Tataki',                    'Roasted Prawn & Peach Tartare',   'Roasted Lamb',                           false),
  ('Mary Kay Buchsbaum',   '',                                                          'Burrata & Watermelon (Vegetarian)', 'Roasted Prawn & Peach Tartare', 'Spinach & Ricotta Ravioli (Vegetarian)', false),
  ('Bruce Buchsbaum',      '',                                                          'Tuna Tataki',                    'Roasted Prawn & Peach Tartare',   'Roasted Lamb',                           false),
  ('Bruce Baker',          '',                                                          'Tuna Tataki',                    'Zucchini Risotto (Vegetarian)',   'Roasted Lamb',                           false),
  ('Kelli Baker',          '',                                                          'Burrata & Watermelon (Vegetarian)', 'Zucchini Risotto (Vegetarian)', 'Spinach & Ricotta Ravioli (Vegetarian)', false),
  ('Roshan Ram',           'Vegan; nut allergy (all nuts except peanuts and almonds)',  'Burrata & Watermelon (Vegetarian)', 'Zucchini Risotto (Vegetarian)', 'Spinach & Ricotta Ravioli (Vegetarian)', false),
  ('Bhavika Patel',        '',                                                          'Burrata & Watermelon (Vegetarian)', 'Zucchini Risotto (Vegetarian)', 'Spinach & Ricotta Ravioli (Vegetarian)', false),
  ('Jinesh Patel',         '',                                                          'Tuna Tataki',                    'Roasted Prawn & Peach Tartare',   'Roasted Lamb',                           false),
  ('Radhika Kirpalani',    '',                                                          'Burrata & Watermelon (Vegetarian)', 'Roasted Prawn & Peach Tartare', 'Spinach & Ricotta Ravioli (Vegetarian)', false),
  ('Tarun Kirpalani',      'No crab',                                                   'Tuna Tataki',                    'Roasted Prawn & Peach Tartare',   'Roasted Lamb',                           false),
  ('Nitya Srikishen',      '',                                                          'Tuna Tataki',                    'Roasted Prawn & Peach Tartare',   'Roasted Lamb',                           false),
  ('Puneet Lakhi',         'Gluten free and vegetarian',                                'Burrata & Watermelon (Vegetarian)', 'Zucchini Risotto (Vegetarian)', 'Spinach & Ricotta Ravioli (Vegetarian)', false),
  ('Marwan Bayoumy',       'No alcohol or pork',                                        'Tuna Tataki',                    'Roasted Prawn & Peach Tartare',   'Roasted Lamb',                           false),
  ('Asokan Selvaraj',      '',                                                          'Tuna Tataki',                    'Roasted Prawn & Peach Tartare',   'Roasted Lamb',                           false),
  ('Sujatha Asokan',       '',                                                          'Burrata & Watermelon (Vegetarian)', 'Roasted Prawn & Peach Tartare', 'Roasted Lamb',                           false)
on conflict (guest_name) do update set
  dietary          = excluded.dietary,
  meal_1           = excluded.meal_1,
  meal_2           = excluded.meal_2,
  meal_3           = excluded.meal_3,
  rehearsal_dinner = excluded.rehearsal_dinner;


-- ─── Song Requests ────────────────────────────────────────────────────────────
-- Pre-populated from RSVP responses.
-- To re-seed: run the DELETE first, then the INSERT.

delete from public.song_requests;

insert into public.song_requests (song, artist, requested_by) values
  ('Appadi Podu / Pump It / Uppu Karuvadu', '',                            'Pathmanaban & Kalpana'),
  ('Ni**as in Paris',                        'Kanye West & Jay-Z',         'Vishnu'),
  ('Jalebi Baby',                            '',                            'Akanksha & Suhail'),
  ('Hotel Room Service',                     'Pitbull',                     'Sayantanee & Guhan'),
  ('Low',                                    'Flo Rida',                    'Ritika & Kevin'),
  ('Rasputin',                               'Boney M',                     'Nikila & Goutham'),
  ('Don''t Stop Me Now',                     'Queen',                       'Andrew & Connor'),
  ('Dracula / The Way I Are',                'Tame Impala / Timbaland',     'Alec & Eleni'),
  ('Can''t Stop the Feeling',                'Justin Timberlake',           'Jedidiah & Edel'),
  ('Get Low',                                'Lil Jon & the Eastside Boyz', 'Elliott & Mary'),
  ('Work from Home',                         'Fifth Harmony',               'Andrew'),
  ('Sheila Ki Jawani',                       '',                            'Sankash'),
  ('Dancing Queen',                          'ABBA',                        'Bhavya & Leon'),
  ('No Hands',                               'Waka Flocka Flame',           'Tithi'),
  ('I Wanna Love You',                       'Akon',                        'Karam'),
  ('Mr. Brightside',                         'The Killers',                 'Jenna'),
  ('Gallan Goodiyaan / Kala Chashma',        '',                            'Subbarao & Anitha & family'),
  ('Starship / Gallan Goodiyaan / Sapphire', '',                            'Prasanna & Vindhya & family'),
  ('Valaiyapatti Thavile',                   'Azhagiya Tamil Magal',        'Anand & Sujatha & family'),
  ('Badtameez Dil',                          '',                            'Saravanan'),
  ('MIA',                                    'Drake & Bad Bunny',           'Chrisvin'),
  ('Out of My League',                       'Fitz & the Tantrums',         'Howard'),
  ('Baby',                                   'Justin Bieber',               'Pooja'),
  ('Taal Se Taal Mila',                      '',                            'Vijay & Sadhana'),
  ('The Thong Song',                         'Sisqó',                       'Vikas & Riva'),
  ('We Are Family',                          'Sister Sledge',               'Sanjay & Seema & Shaan'),
  ('Rude Boy',                               'Rihanna',                     'Maya'),
  ('Anything by Ed Sheeran',                 'Ed Sheeran',                  'Anand & Sangita'),
  ('Anything by Nelly Furtado',              'Nelly Furtado',               'Jeevan & Lauren'),
  ('Nueva Yol',                              'Bad Bunny',                   'Ravi & Tali'),
  ('Twist / Danza Kuduro',                   '',                            'Sanjiv & Meena & Archana'),
  ('Temperature',                            'Sean Paul',                   'Kirin'),
  ('I Love It',                              'Icona Pop',                   'Serena & Matt'),
  ('Ishq Tera Tadpaave',                     '',                            'Tushita & Gugu'),
  ('Tupelo Honey',                           'Van Morrison',                'Dennis & Jan'),
  ('Footloose',                              'Kenny Loggins',               'Diane'),
  ('Always',                                 'Atlantic Starr',              'Mary & Bruce'),
  ('September',                              'Earth Wind & Fire',           'Bruce & Kelli'),
  ('Runaway',                                'Kanye West',                  'Roshan'),
  ('Tití Me Preguntó',                       'Bad Bunny',                   'Bhavika & Jinesh'),
  ('Lamborghini / anything by David Guetta', 'David Guetta',                'Radhika & Tarun'),
  ('Ghoomar',                                '',                            'Nitya & Puneet');


-- ─── Contact Info ─────────────────────────────────────────────────────────────
-- Pre-seeded from RSVP. Safe to re-run — only fills in empty fields.
-- Requires ALTER TABLE to have added phone and email columns first.

UPDATE public.guest_info AS g
SET
  email = CASE WHEN c.email != '' THEN c.email ELSE g.email END,
  phone = CASE WHEN c.phone != '' THEN c.phone ELSE g.phone END
FROM (VALUES
  ('Neha Pathmanaban',       'neha.pathmanaban@gmail.com',           '9087874903'),
  ('Naveen Nath',            'nnath515@gmail.com',                   '5157450756'),
  ('Pathmanaban Raj',        'pathmanaban.raj@gmail.com',            '9088039259'),
  ('Kalpana Pathmanaban',    'sundarip01@gmail.com',                 '9082470569'),
  ('Vishnu Pathmanaban',     'vishnupathmanaban2019@gmail.com',      '9085004499'),
  ('Amar Nath',              'beyasi@mchsi.com',                     '5152402132'),
  ('Sandhya Nath',           'sandhyaknath@gmail.com',               '5154903278'),
  ('Neel Nath',              'nsn454@gmail.com',                     '5155374306'),
  ('Aya Nath',               'ayahmed17@gmail.com',                  '7576458310'),
  ('Olivia Zhu',             'oliviazhu6@gmail.com',                 '9258721677'),
  ('Akanksha Singh',         'asingh2694@gmail.com',                 '8608419808'),
  ('Suhail Goyal',           'suhail.goyal92@gmail.com',             '9379999290'),
  ('Sayantanee Das',         'sayantaneedas@gmail.com',              '8043852444'),
  ('Guhan Muruganandam',     'mrguhan@gmail.com',                    '9196995134'),
  ('Ritika Patil',           'ritikapatil.12@gmail.com',             '9194556195'),
  ('Kevin Labagnara',        '',                                     '9737477283'),
  ('Gaurie Mittal',          'mynameisgaurie@gmail.com',             '7277425928'),
  ('Sai Avala',              'avala.sai@gmail.com',                  '9255771375'),
  ('Nikila Vasudevan',       'vnikila@gmail.com',                    '9789956777'),
  ('Liz Paulino',            'lizpaulino13@gmail.com',               '5164258481'),
  ('Andrew Ball',            'andrew.ball.j@gmail.com',              '7609099634'),
  ('Alec Mirchandani',       'alecmirchandani@gmail.com',            '8177140255'),
  ('Eleni Karandreas',       'ekarandr@gmail.com',                   '4803290467'),
  ('Alex Shih',              'alexander.c.shih@gmail.com',           '8456561463'),
  ('Nancy Kwan',             'nancykwantify@gmail.com',              '5185342031'),
  ('Jedidiah Glass',         'jediglass22@yahoo.com',                '9782010573'),
  ('Elliott Baker',          'ewb35531@gmail.com',                   '5152106211'),
  ('Andrew You',             'andrew.kh.you@gmail.com',              '5165474412'),
  ('Jason Luo',              'jasonnluo@gmail.com',                  '5108508772'),
  ('Grace Mutoko',           'grace.mutoko@gmail.com',               '2035434544'),
  ('Sankash Shankar',        'sankashshankar@gmail.com',             '4083072442'),
  ('Bhavya Varma',           'bhavyavarma@gmail.com',                '8438177993'),
  ('Moeko Nagatsuka',        'moekonaga@gmail.com',                  '2017882045'),
  ('Tithi Raval',            'tithi.raval@gmail.com',                '6787561816'),
  ('Karam Tatla',            'karambirtatla95@gmail.com',            '5135327269'),
  ('Jenna Freedman',         'jrfreedman94@gmail.com',               '3053181518'),
  ('Ben Biswas',             'benbiswas21@gmail.com',                '3392235795'),
  ('Subbarao Addaganti',     'saddaganti@yahoo.com',                 '+1 908 552 9671'),
  ('Anitha Addaganti',       'aaddaganti@yahoo.com',                 '+1 908 560 8718'),
  ('Yash Addaganti',         'yashaddaganti@gmail.com',              '+1 908 400 7156'),
  ('Trisha Addaganti',       'trishaaddaganti@gmail.com',            '+1 908 323 9585'),
  ('Prasanna Bekal',         'pbekal@yahoo.com',                     '+1 908 809 2295'),
  ('Vindhya Bekal',          'vindhyab@yahoo.com',                   '+1 732 310 0427'),
  ('Pallavi Bekal',          'pallavibekal@yahoo.com',               '+1 908 809 0561'),
  ('Tanvi Bekal',            'tanvibekal@yahoo.com',                 '+1 908 809 2285'),
  ('Ram Sankaran',           'ramsmile@yahoo.com',                   '+1 908 418 3611'),
  ('Uma Ramanathan',         'uma222@yahoo.com',                     '+1 908 295 8151'),
  ('Rahul Ramanathan',       'rahulramanathan22@gmail.com',          '+1 908 448 5003'),
  ('Abhay Mhatre',           'abhay_mhatre@yahoo.com',               '+1 908 343 7517'),
  ('Archana Mhatre',         'archumhatre7@gmail.com',               '+1 908 343 9857'),
  ('Madhu Somenhalli',       'somenham@gmail.com',                   '+1 908 698 1645'),
  ('Shashi Somenhalli',      'shashi_somenhalli@yahoo.com',          '+1 732 374 6225'),
  ('Nithin Somenhalli',      'nithin.somenhalli@gmail.com',          '+1 908 698 3576'),
  ('Anand Palani',           'anandanpalani@yahoo.com',              '+1 908 883 0384'),
  ('Sujatha Palani',         'sujatha_anandan@hotmail.com',          '+1 908 612 5441'),
  ('Arthi Palani',           '',                                     '9088720603'),
  ('Vivek Seth',             'seth.d.vivek@gmail.com',               '+1 410 782 5436'),
  ('Ashvani Vivek',          'ashvani@ascottanalytics.com',          '+1 410 782 5430'),
  ('Saravanan Kandaswamy',   'yeskaymba@gmail.com',                  '+65 9339 7025'),
  ('Chrisvin Jabamani',      'chrisvin.jabamani@gmail.com',          '+1 908 367 0540'),
  ('Howard Li',              'howardli2009@gmail.com',               '+1 908 392 4147'),
  ('Lingesh Radjou',         'lingesh.us@gmail.com',                 '+44 742 442 3408'),
  ('Rajesh Radjou',          'k147rajesh@gmail.com',                 '+44 744 748 9687'),
  ('Prabakaran Vasan',       'mmmepraba@yahoo.fr',                   '+33 651 711 875'),
  ('Kannagi Prabakaran',     'mmmepraba@yahoo.fr',                   '+33 670 340 880'),
  ('Neha Dubey',             '',                                     '510-366-5311'),
  ('Pooja Dubey',            '',                                     '510-371-2252'),
  ('Rakesh Dubey',           '',                                     '510 676-8785'),
  ('Neelu Dubey',            'ndubey@gmail.com',                     ''),
  ('Vijay Kumar',            'vskumar407@gmail.com',                 '407 928-7371'),
  ('Vikas Kumar',            'vkumar407@gmail.com',                  '407 928-7847'),
  ('Vivek Kumar',            'vkumar314@gmail.com',                  '407 928-7691'),
  ('Sanjay Mishra',          'razorbackmishra@hotmail.com',          '317 414-3008'),
  ('Maya Mishra',            'mayavmishra@gmail.com',                '317-682-8468'),
  ('Anand Tewari',           'atewari@ecaa.com',                     '252 916-9257'),
  ('Jeevan Tewari',          'jeevantewariisme@gmail.com',           '252-481-7740'),
  ('Sanjiv Upadhyay',        '',                                     '630 779-3061'),
  ('Tushita Shrivastav',     '',                                     '402-452-7213'),
  ('Dennis Porto',           'dporto@gmail.com',                     '515-201-8400'),
  ('Jan Porto',              '',                                     '515-201-8400'),
  ('Diane Hedden',           'd.hedden@m-state.com',                 ''),
  ('Mary Kay Buchsbaum',     'marykaybuchsbaum@gmail.com',           '515-681-8573'),
  ('Kelli Baker',            'kjhb57@gmail.com',                     '515-210-6012'),
  ('Roshan Ram',             'roshan.ram0101@gmail.com',             '+1 484 725 7572'),
  ('Bhavika Patel',          'bhavi0105@gmail.com',                  '9082476067'),
  ('Radhika Kirpalani',      'rmkirpalani@gmail.com',                '617 470-5870'),
  ('Nitya Srikishen',        'nitya.srikishen@gmail.com',            '256 783-1436'),
  ('Marwan Bayoumy',         'mbayoumy01@gmail.com',                 '+1 516 495 0510'),
  ('Connor Franklin',        'connorfranklin0706@gmail.com',         '9195610660'),
  ('Edel Dhuibheanaigh',     '',                                     '9784894459'),
  ('Leon Mirson',            '',                                     '2158344180'),
  ('Rushil Sheth',           '',                                     '5047152836'),
  ('Sainath Palani',         'palanisainath@gmail.com',              '9082279659'),
  ('Sadhana Kumar',          '',                                     '407 928-7371'),
  ('Riva Raiker',            'RivaRaiker@gmail.com',                 '727 459-0814'),
  ('Jaya Kumar',             'jayabadhwar@gmail.com',                '407 454-3599'),
  ('Seema Verma',            'sverma46032@gmail.com',                '317 809-8536'),
  ('Shaan Mishra',           'shaanvermamishra@gmail.com',           '317 500-0066'),
  ('Sangita Tewari',         'sangitewari@gmail.com',                '252 916-9257'),
  ('Lauren Bordeaux',        'laurenalexandria21@gmail.com',         '252 314-5473'),
  ('Ravi Tewari',            'raviandtali@gmail.com',                '252 481-2323'),
  ('Tali Tudryn',            '',                                     '239 287-1682'),
  ('Kirin Upadhyay',         '',                                     '630 881-8666'),
  ('Serena Upadhyay',        '',                                     '630 881-7599'),
  ('Gugu Chohan',            '',                                     '714 858-4538'),
  ('Asokan Selvaraj',        'askselva1@gmail.com',                  '+1 858 829 2445'),
  ('Sujatha Asokan',         'sujivenk35@gmail.com',                 '+1 858 449 4554')
) AS c(guest_name, email, phone)
WHERE g.guest_name = c.guest_name;
